{"==":"org.bukkit.Location","world":"world","x":-330.0457161204412,"y":75.0,"z":-370.18496547541395,"pitch":7.799893,"yaw":353.75342}