{"world":"world","x":-501.4319424987003,"y":90.7431359597822,"z":-206.00698798447888,"pitch":21.473227,"yaw":-45.11748}