{"==":"org.bukkit.Location","world":"survival","x":-267.2012682312891,"y":32.0,"z":-5.94296018640049,"pitch":9.610803,"yaw":1.7372437}