{"==":"org.bukkit.Location","world":"Lobby-World","x":-48.136425219978044,"y":101.0,"z":-47.32815069362264,"pitch":36.80591,"yaw":-48.472008}