{"==":"org.bukkit.Location","world":"survival","x":932.4920089463279,"y":22.0,"z":1075.5650585951119,"pitch":14.454983,"yaw":-277.0368}