{"==":"org.bukkit.Location","world":"world","x":-500.46251384510396,"y":69.15498127511636,"z":-530.9611345314814,"pitch":36.27383,"yaw":-261.8056}