{"==":"org.bukkit.Location","world":"survival","x":-271.8926391833837,"y":63.0,"z":-270.9834941962615,"pitch":-0.00557834,"yaw":151.02914}