{"==":"org.bukkit.Location","world":"survival","x":-271.8926391833837,"y":63.0,"z":-270.9834941962615,"pitch":4.3018026,"yaw":329.34998}