{"==":"org.bukkit.Location","world":"survival","x":-220.30000001192093,"y":49.0,"z":-226.69999998807907,"pitch":-2.2074018,"yaw":149.92047}