{"==":"org.bukkit.Location","world":"world","x":16552.174042159404,"y":31.0,"z":13909.699999988079,"pitch":26.922222,"yaw":-267.88657}