{"world":"world","x":-676.0767924197613,"y":84.38050991247854,"z":-259.342961070533,"pitch":21.191118,"yaw":-214.38376}