{"==":"org.bukkit.Location","world":"survival","x":-824.1007482184538,"y":75.0,"z":1741.2458289660178,"pitch":30.541895,"yaw":-76.393555}