{"world":"survival","x":-148.47010456359038,"y":60.0,"z":-329.416222226155,"pitch":54.750046,"yaw":330.27}