{"world":"survival","x":292.92645222986374,"y":12.0,"z":-301.69999998807907,"pitch":19.649412,"yaw":-178.12816}