{"world":"Talarion Land","x":165.22084295271577,"y":183.0,"z":-174.83693334495908,"pitch":25.621778,"yaw":81.52604}