{"world":"world","x":-194.102436508225,"y":64.0,"z":-1605.0120462681937,"pitch":-1.200052,"yaw":-68.59973}