{"==":"org.bukkit.Location","world":"survival","x":959.4723060352356,"y":33.0,"z":1075.300000011921,"pitch":16.13617,"yaw":182.48315}