{"==":"org.bukkit.Location","world":"world","x":-412.3534174035066,"y":117.0,"z":-223.60257731968773,"pitch":32.95257,"yaw":-124.29826}