{"world":"survival","x":-64.78899824241068,"y":68.0,"z":-278.1033721638888,"pitch":32.700165,"yaw":-91.225494}