{"world":"world","x":-499.5403798835003,"y":87.16819097901245,"z":-220.69999998807907,"pitch":9.965399,"yaw":47.61916}