{"world":"world","x":-684.7624999880791,"y":69.0,"z":-50.33306603069128,"pitch":25.800093,"yaw":49.20944}