{"==":"org.bukkit.Location","world":"survival","x":330.9650681951612,"y":84.0,"z":-417.1658751349277,"pitch":48.00004,"yaw":354.01038}