{"world":"world","x":-402.6843683934965,"y":67.67215932666198,"z":-341.26115332787487,"pitch":18.450407,"yaw":281.4527}