{"world":"world","x":-492.71432042315763,"y":77.20566691428662,"z":-24.422758100484973,"pitch":29.099653,"yaw":231.28992}