{"==":"org.bukkit.Location","world":"world","x":-570.5446320646513,"y":60.71560823231375,"z":-544.0283410282854,"pitch":20.399973,"yaw":279.91064}