{"==":"org.bukkit.Location","world":"survival","x":953.3000000119209,"y":33.0,"z":1081.8578282527626,"pitch":20.099962,"yaw":-169.86098}