{"==":"org.bukkit.Location","world":"survival","x":926.5743628151134,"y":14.0,"z":1079.820787259093,"pitch":16.65018,"yaw":-116.49649}