{"==":"org.bukkit.Location","world":"world","x":-475.69999998807907,"y":58.0,"z":-270.643656378893,"pitch":-40.50014,"yaw":-5.8203735}