{"==":"org.bukkit.Location","world":"survival","x":929.4323008340209,"y":22.0,"z":1075.4271363020591,"pitch":8.699923,"yaw":-223.66466}