{"==":"org.bukkit.Location","world":"survival","x":-119.18148935434706,"y":66.0,"z":-314.87872762817494,"pitch":27.000002,"yaw":258.14996}