{"world":"survival","x":410.3733972458336,"y":54.0,"z":-167.87816563180203,"pitch":-90.0,"yaw":-289.08026}