{"world":"survival","x":54.92134601280817,"y":64.0,"z":-247.34057430523032,"pitch":19.050022,"yaw":243.67003}