{"world":"survival","x":-171.59075178854113,"y":63.0,"z":-261.8107143441259,"pitch":32.867195,"yaw":200.24146}