{"world":"survival","x":-129.11307295879243,"y":66.0,"z":-185.6922620105021,"pitch":-9.138863,"yaw":-63.359196}