{"==":"org.bukkit.Location","world":"survival","x":-102.204242223991,"y":70.0,"z":-209.61502337026002,"pitch":15.793334,"yaw":-89.852844}