{"world":"survival","x":-220.69999998807907,"y":63.0,"z":-396.69999998807907,"pitch":-42.45022,"yaw":-224.1969}