{"world":"Talarion Land","x":173.5,"y":184.0,"z":-177.5,"pitch":1.6218066,"yaw":0.07599191}