{"==":"org.bukkit.Location","world":"survival","x":-159.12535023813575,"y":67.0,"z":-386.2258221522074,"pitch":-28.832855,"yaw":-86.00659}