{"==":"org.bukkit.Location","world":"survival","x":-325.69433299275033,"y":66.0,"z":28.183859935535114,"pitch":27.149986,"yaw":73.804306}