{"==":"org.bukkit.Location","world":"survival","x":-1012.1381070282674,"y":70.99024578541015,"z":-160.5621679109709,"pitch":18.899975,"yaw":126.76063}