{"==":"org.bukkit.Location","world":"world","x":-501.30000001192093,"y":87.0,"z":-255.46120744981138,"pitch":17.399582,"yaw":-167.16199}