{"==":"org.bukkit.Location","world":"world","x":-745.7481581271796,"y":63.0,"z":127.31128303617064,"pitch":3.2998633,"yaw":-120.807495}