{"==":"org.bukkit.Location","world":"survival","x":-150.5,"y":64.0,"z":-227.5,"pitch":0.45594954,"yaw":0.96563536}