{"==":"org.bukkit.Location","world":"survival","x":372.8228974263301,"y":25.0,"z":-416.61288486507874,"pitch":-90.0,"yaw":-231.909}