{"==":"org.bukkit.Location","world":"survival","x":-82.21279499321857,"y":71.0,"z":-146.94837686007287,"pitch":27.449917,"yaw":-201.60254}