{"world":"world","x":-395.7363256057477,"y":83.89510525355124,"z":-352.6975010178841,"pitch":67.199646,"yaw":-234.0968}