{"==":"org.bukkit.Location","world":"survival","x":630.6980691877799,"y":15.0,"z":-450.8992096291605,"pitch":33.450047,"yaw":-1.5790294}