{"==":"org.bukkit.Location","world":"survival","x":328.6130092233486,"y":94.0,"z":-441.7885278107185,"pitch":11.400002,"yaw":251.10266}