{"==":"org.bukkit.Location","world":"survival","x":-423.60565741698883,"y":66.0,"z":-228.10131282078652,"pitch":15.564268,"yaw":17.95874}