{"==":"org.bukkit.Location","world":"survival","x":-167.34070675575154,"y":19.0,"z":-403.41973028132145,"pitch":-29.933014,"yaw":-92.96503}