{"world":"world","x":-390.04126876765014,"y":76.61813811185147,"z":-178.7897671322733,"pitch":30.300278,"yaw":-159.43298}