{"world":"Talarion Land","x":551.6999999880791,"y":46.0,"z":-132.30000001192093,"pitch":14.055196,"yaw":-63.447998}