{"==":"org.bukkit.Location","world":"world","x":-3710.900834600285,"y":75.40446150290286,"z":-2461.4705442202107,"pitch":-6.299669,"yaw":-239.69794}