{"==":"org.bukkit.Location","world":"world","x":-574.781381577463,"y":69.0,"z":-121.174050956522,"pitch":-90.0,"yaw":-95.37384}