{"==":"org.bukkit.Location","world":"survival","x":-272.4906317235729,"y":72.0,"z":-14.605813384379239,"pitch":46.65002,"yaw":53.84967}