{"==":"org.bukkit.Location","world":"survival","x":-153.58096654889994,"y":65.0,"z":-359.00280835109095,"pitch":7.0499783,"yaw":324.9035}