{"world":"Talarion Land","x":211.12097322374817,"y":94.0,"z":-195.26921760390613,"pitch":17.870508,"yaw":-100.003174}