{"world":"world","x":-546.8431294989635,"y":97.0,"z":-173.9226308683129,"pitch":35.52549,"yaw":-78.1039}