{"world":"survival","x":-152.21860351105124,"y":66.0,"z":-372.40972678153094,"pitch":11.744038,"yaw":78.54181}