{"==":"org.bukkit.Location","world":"world","x":-186.17101559585888,"y":101.0,"z":-226.4943396082399,"pitch":15.900158,"yaw":-277.17242}