{"==":"org.bukkit.Location","world":"world","x":-200.87462986161572,"y":56.0,"z":-263.1402547071247,"pitch":18.000156,"yaw":-71.07208}