{"world":"survival","x":-36.62415655151963,"y":63.0,"z":-39.35637295794224,"pitch":3.2192955,"yaw":-186.3537}