{"==":"org.bukkit.Location","world":"survival","x":189.30000001192093,"y":64.0,"z":-105.71916633275825,"pitch":2.9071474,"yaw":-330.64978}