{"==":"org.bukkit.Location","world":"survival","x":953.6080747382601,"y":35.200000047683716,"z":1062.0491673385218,"pitch":16.086191,"yaw":-174.37448}