{"==":"org.bukkit.Location","world":"survival","x":954.94023562358,"y":33.0,"z":1076.1742447019133,"pitch":11.531094,"yaw":-307.1167}