{"==":"org.bukkit.Location","world":"world","x":-381.62801742440985,"y":75.0,"z":-329.8500409974215,"pitch":16.772863,"yaw":251.98447}