{"world":"world","x":-527.9956255433177,"y":93.11650136792812,"z":-329.0614054989384,"pitch":13.762758,"yaw":-314.45734}