{"world":"survival","x":-105.08976265143401,"y":63.0,"z":-386.89942594022256,"pitch":-13.704161,"yaw":-187.06941}