{"==":"org.bukkit.Location","world":"survival","x":365.1802631490994,"y":13.0,"z":-454.07991401893264,"pitch":25.221153,"yaw":122.35907}