{"world":"Talarion Land","x":173.52933157964097,"y":184.0,"z":-177.76831815036851,"pitch":1.6218066,"yaw":0.07599191}