{"world":"survival","x":-196.69999998807907,"y":64.0,"z":-364.32767728785984,"pitch":32.135952,"yaw":96.97612}