{"world":"world","x":-740.6005019626555,"y":180.24957549900097,"z":-0.7410950743555205,"pitch":44.76327,"yaw":3.756723}