{"world":"survival","x":367.04083197474176,"y":4.0,"z":-243.38233877004782,"pitch":10.349939,"yaw":343.64673}