{"==":"org.bukkit.Location","world":"survival","x":-150.48053761080834,"y":64.0,"z":-227.49448525194913,"pitch":0.45594954,"yaw":0.96563536}