{"world":"survival","x":-129.30000001192093,"y":66.0,"z":-212.30000001192093,"pitch":18.614908,"yaw":-68.328}