{"world":"survival","x":367.4334764149305,"y":5.0,"z":-239.85536554851006,"pitch":20.099787,"yaw":-184.5058}