{"world":"Talarion Land","x":170.01987905270178,"y":188.0,"z":-180.69999998807907,"pitch":38.249905,"yaw":239.32153}