{"==":"org.bukkit.Location","world":"survival","x":-129.33203478066957,"y":67.0,"z":-211.40645882743374,"pitch":8.034517,"yaw":-300.35913}