{"world":"survival","x":-171.06397958006124,"y":64.0,"z":-448.04570436495004,"pitch":18.750212,"yaw":-47.74765}